"","queenstrength","wkrdrnratio","drnmitesurvive","wkrmitesurvive","fgrlifespan","miteimmtype","adslope","adLD50","adslopec","adLD50c","lslope","lLD50","kow","koc","halflife","apprate_con","foliar_false"
"1",5.93564294069074,1.87559176888317,48.3074157265946,96.500877593644,12.814470982179,"Tangent",1.56079090187559,0.128730993438512,0.311816192739643,0.00825884168734774,1.23108516507782,0.655302910809405,4.70853359345347,6.36989533202723,1.5546996450983,0,"false"
"2",5.56798012601212,4.38313877116889,91.2735163699836,56.0527540743351,7.59428196121007,"Logarithmic",3.63227647182997,0.188039094069973,2.10163646215573,0.00537421876797453,3.2922275246121,0.11566916028969,4.98117895610631,28.6067229416221,1.73223084246274,0,"false"
"3",2.11592112458311,3.01237480249256,49.1909729084,15.3266959125176,6.48252266086638,"Logarithmic",0.806014895564876,0.0116951377596706,0.0771067405957729,0.015024419920519,0.448213518038392,0.887351896706969,5.74509436171502,14.5601114968304,2.88550423928536,0,"false"
